id,Revenue
3001,15429040.0
3002,2416983.2
3003,-10132700.0
3004,-6469208.5
3005,5110941.5
3006,16779480.0
3007,7690059.0
3008,32062776.0
3009,117549080.0
3010,324224100.0
3011,-10509432.0
3012,12749246.0
3013,1645360.9
3014,-11235896.0
3015,6121287.5
3016,-2894777.0
3017,73844190.0
3018,96768150.0
3019,4848297.5
3020,1002796000.0
3021,13743122.0
3022,25014868.0
3023,1079372.0
3024,11552222.0
3025,-6157245.5
3026,17373648.0
3027,-3036515.0
3028,90937670.0
3029,4756843.0
3030,9483906.0
3031,-35966492.0
3032,41427044.0
3033,11207796.0
3034,-13543920.0
3035,32487828.0
3036,40877890.0
3037,75664500.0
3038,10876118.0
3039,-4821093.0
3040,-2534486.8
3041,32663994.0
3042,-8630560.0
3043,21652660.0
3044,6313931.0
3045,361362700.0
3046,4861968.0
3047,12825510.0
3048,49974120.0
3049,8458312.0
3050,12977388.0
3051,-2045700.5
3052,32999704.0
3053,-2208684.5
3054,3267780.5
3055,-13414768.0
3056,10430544.0
3057,42390984.0
3058,271337000.0
3059,2270751.5
3060,6921475.5
3061,13575820.0
3062,71601624.0
3063,-8958650.0
3064,189825650.0
3065,24483130.0
3066,59960772.0
3067,20795416.0
3068,35357504.0
3069,152212510.0
3070,-6045767.5
3071,27756428.0
3072,815382460.0
3073,-8149878.5
3074,-9473182.0
3075,1904410.9
3076,143490320.0
3077,39442064.0
3078,23837278.0
3079,44827884.0
3080,111994296.0
3081,-55344896.0
3082,14964122.0
3083,10085528.0
3084,5413398.0
3085,86553500.0
3086,92384300.0
3087,-8190634.5
3088,-2116167.0
3089,-11489918.0
3090,15160946.0
3091,29109056.0
3092,-14636554.0
3093,257028350.0
3094,164291200.0
3095,57237020.0
3096,-3634237.5
3097,1165212000.0
3098,6284492.5
3099,-21483852.0
3100,-10549038.0
3101,-16169028.0
3102,331563.53
3103,11092016.0
3104,-5195831.0
3105,9062732.0
3106,-33200752.0
3107,59541732.0
3108,33610560.0
3109,-3725396.8
3110,246558130.0
3111,23110338.0
3112,-6155888.0
3113,3387809.5
3114,-8046014.5
3115,-14535286.0
3116,23915764.0
3117,-525966.8
3118,14555752.0
3119,356933660.0
3120,299903650.0
3121,22748176.0
3122,-1663691.1
3123,36743750.0
3124,2547727.2
3125,-5251712.5
3126,45182230.0
3127,1126311.2
3128,59624990.0
3129,241537460.0
3130,11290480.0
3131,-8783534.0
3132,23291586.0
3133,18790462.0
3134,-999206.9
3135,-8630560.0
3136,1832137.2
3137,220613090.0
3138,-35881410.0
3139,23840530.0
3140,22482416.0
3141,5001530.5
3142,-2138771.0
3143,99120600.0
3144,15460726.0
3145,127177870.0
3146,-20508774.0
3147,31788856.0
3148,-20508564.0
3149,4639395.5
3150,13865436.0
3151,-1889908.8
3152,-6293324.0
3153,-27736146.0
3154,25041996.0
3155,130488390.0
3156,5360526.0
3157,-24319058.0
3158,19502928.0
3159,-7510905.0
3160,-5569536.5
3161,2124910.5
3162,14770502.0
3163,10321164.0
3164,-12490516.0
3165,560888.25
3166,8602320.0
3167,34407070.0
3168,41614990.0
3169,-43908092.0
3170,33224040.0
3171,29495404.0
3172,69024970.0
3173,8080857.5
3174,9006682.0
3175,-7000283.0
3176,51649852.0
3177,68751336.0
3178,-29012558.0
3179,-1759836.4
3180,-5575745.0
3181,-11320372.0
3182,305669760.0
3183,6815498.5
3184,5469992.5
3185,-46928740.0
3186,28990204.0
3187,39610520.0
3188,13439494.0
3189,69595670.0
3190,-6983752.5
3191,101834600.0
3192,28401730.0
3193,304295040.0
3194,74923220.0
3195,-19003206.0
3196,-2162144.5
3197,37616920.0
3198,54534640.0
3199,137250260.0
3200,10127418.0
3201,-25601560.0
3202,19677204.0
3203,-5997790.5
3204,3106828.0
3205,2400042.8
3206,9157506.0
3207,24575700.0
3208,-28451060.0
3209,11381538.0
3210,340041500.0
3211,-1663547.9
3212,78974664.0
3213,360520030.0
3214,3349821.2
3215,-5730286.5
3216,264200.88
3217,347548160.0
3218,34911548.0
3219,9853004.0
3220,169330340.0
3221,175077580.0
3222,-10178676.0
3223,56473350.0
3224,-12311434.0
3225,-4542149.5
3226,46376576.0
3227,86539510.0
3228,62461384.0
3229,57124524.0
3230,89282210.0
3231,43100370.0
3232,29268278.0
3233,4052349.5
3234,8314118.5
3235,-1855284.1
3236,-24247398.0
3237,8629150.0
3238,-4071694.0
3239,7748911.0
3240,350176160.0
3241,2704376.0
3242,375400.6
3243,-10656322.0
3244,-21401306.0
3245,-822185.8
3246,17764166.0
3247,937815.1
3248,5773698.0
3249,16268472.0
3250,302242620.0
3251,-3843256.0
3252,65876116.0
3253,41229196.0
3254,-4338178.5
3255,-5854855.0
3256,49474708.0
3257,-1770010.2
3258,95238264.0
3259,136585180.0
3260,-4433733.5
3261,798407040.0
3262,123412540.0
3263,-4587188.0
3264,5609043.0
3265,-5287097.0
3266,-17584886.0
3267,74466910.0
3268,557267.7
3269,87352420.0
3270,123139590.0
3271,-2170001.8
3272,19867760.0
3273,16661302.0
3274,399196000.0
3275,23402764.0
3276,-6473711.0
3277,108284440.0
3278,108326090.0
3279,13058510.0
3280,392056300.0
3281,-4455806.0
3282,-14737046.0
3283,419698340.0
3284,67795940.0
3285,53030280.0
3286,-6936917.0
3287,16784336.0
3288,50375228.0
3289,167638740.0
3290,363102340.0
3291,48505.18
3292,341319870.0
3293,70067384.0
3294,11978832.0
3295,-2179195.5
3296,-509317.72
3297,-10022040.0
3298,22228076.0
3299,3893907.0
3300,-2202589.8
3301,-1321661.1
3302,-20368582.0
3303,19043196.0
3304,1116357.1
3305,38089148.0
3306,-13955972.0
3307,45088344.0
3308,-2379326.5
3309,-5079622.5
3310,-6884882.5
3311,10448110.0
3312,18265878.0
3313,9715670.0
3314,22340892.0
3315,-2225456.2
3316,62941304.0
3317,712999.25
3318,331016.6
3319,-3885354.5
3320,27857538.0
3321,-1522822.2
3322,-11866142.0
3323,-51796570.0
3324,12234678.0
3325,41508240.0
3326,118489210.0
3327,44205436.0
3328,8007755.0
3329,11918476.0
3330,51665760.0
3331,7896811.0
3332,-3911800.8
3333,58758876.0
3334,5179562.5
3335,22861594.0
3336,33832636.0
3337,-5997790.5
3338,22811564.0
3339,5447653.5
3340,93174700.0
3341,25162640.0
3342,40991560.0
3343,42834316.0
3344,1343345.0
3345,-15855394.0
3346,123623930.0
3347,-10547088.0
3348,-39549732.0
3349,78814320.0
3350,169326960.0
3351,82794856.0
3352,-46022750.0
3353,74281230.0
3354,30100996.0
3355,-4932461.5
3356,89881390.0
3357,7608233.0
3358,-4505576.5
3359,19655078.0
3360,-18306072.0
3361,174808880.0
3362,-12296972.0
3363,9320224.0
3364,21046674.0
3365,-9490744.0
3366,-61717170.0
3367,7573136.0
3368,-5352379.0
3369,48113988.0
3370,114520110.0
3371,63323656.0
3372,137302350.0
3373,29149500.0
3374,-41017944.0
3375,-31863214.0
3376,28237116.0
3377,27539330.0
3378,64887290.0
3379,76455160.0
3380,31907388.0
3381,30644494.0
3382,-4320784.5
3383,2508954.2
3384,-22423098.0
3385,82086020.0
3386,27767628.0
3387,19922924.0
3388,112394216.0
3389,1119425400.0
3390,-7770235.5
3391,30568350.0
3392,-19808636.0
3393,52692744.0
3394,168261070.0
3395,27557698.0
3396,16716646.0
3397,-24759108.0
3398,308546850.0
3399,30297200.0
3400,9476062.0
3401,5864074.0
3402,-592033.94
3403,197329310.0
3404,21965902.0
3405,36640732.0
3406,165738300.0
3407,51634348.0
3408,-1739771.6
3409,-22958018.0
3410,-4042034.5
3411,-25482136.0
3412,10997256.0
3413,9599764.0
3414,10695600.0
3415,-6093819.0
3416,205948400.0
3417,25057790.0
3418,-6620757.5
3419,296629000.0
3420,7464754.5
3421,7660120.0
3422,-6245918.0
3423,394200700.0
3424,-9543888.0
3425,-19676404.0
3426,-45681988.0
3427,19825332.0
3428,-25602896.0
3429,-17545660.0
3430,1249053600.0
3431,-4618291.0
3432,20547284.0
3433,38868236.0
3434,-21940266.0
3435,336702180.0
3436,143853420.0
3437,4423197.0
3438,9442990.0
3439,33100942.0
3440,31749282.0
3441,43244572.0
3442,-311841.84
3443,26591720.0
3444,-10861132.0
3445,29919714.0
3446,4949197.5
3447,360553.97
3448,-28315310.0
3449,6339921.0
3450,-22404908.0
3451,55615572.0
3452,16774782.0
3453,201554190.0
3454,-3504435.0
3455,275962.0
3456,97099530.0
3457,-41374816.0
3458,-7912476.0
3459,865953340.0
3460,5008182.0
3461,-6649631.5
3462,57506812.0
3463,69009430.0
3464,-7914880.0
3465,13129688.0
3466,-16951224.0
3467,7007539.5
3468,385109630.0
3469,37393784.0
3470,-9784396.0
3471,67998730.0
3472,-420836.38
3473,83863530.0
3474,58742840.0
3475,107858350.0
3476,-4528086.0
3477,12831028.0
3478,470913.72
3479,138547170.0
3480,7579849.0
3481,-8642968.0
3482,-1507777.2
3483,-4570205.5
3484,-4688601.5
3485,-22899340.0
3486,88440136.0
3487,71213080.0
3488,93414180.0
3489,8904376.0
3490,-6516042.5
3491,63220836.0
3492,3018417.2
3493,38551416.0
3494,15092742.0
3495,47773308.0
3496,-606095.5
3497,55729710.0
3498,-43959.625
3499,6918677.0
3500,-953148.4
3501,44995120.0
3502,68161256.0
3503,38011264.0
3504,64433092.0
3505,-26152090.0
3506,51552372.0
3507,156156290.0
3508,26561700.0
3509,46479164.0
3510,12457810.0
3511,-38004184.0
3512,209428780.0
3513,-20298030.0
3514,58459440.0
3515,-7069786.5
3516,-48510812.0
3517,865413060.0
3518,48186504.0
3519,31930392.0
3520,-9426710.0
3521,-1443723.5
3522,-10552486.0
3523,60591640.0
3524,17447534.0
3525,27522430.0
3526,-7401962.5
3527,23978258.0
3528,29556108.0
3529,497910430.0
3530,-6643172.5
3531,70155040.0
3532,30296850.0
3533,24335356.0
3534,-20484830.0
3535,164685780.0
3536,116849680.0
3537,42347696.0
3538,48748812.0
3539,42362610.0
3540,41725480.0
3541,-41056050.0
3542,70466970.0
3543,1790486.1
3544,39309376.0
3545,3440832.5
3546,-6414964.5
3547,243310100.0
3548,456912100.0
3549,-9975660.0
3550,684480900.0
3551,17256460.0
3552,15522658.0
3553,128614424.0
3554,148374430.0
3555,21307556.0
3556,22332588.0
3557,6699471.0
3558,87866296.0
3559,38954284.0
3560,8332881.5
3561,102607140.0
3562,6981904.0
3563,1449815.1
3564,-3596468.5
3565,33668624.0
3566,34936890.0
3567,37102744.0
3568,-8880844.0
3569,26612006.0
3570,-6059097.0
3571,5157124.0
3572,254827060.0
3573,5535632.5
3574,55998284.0
3575,22862404.0
3576,48778804.0
3577,1754285.9
3578,293024960.0
3579,36161970.0
3580,-44617284.0
3581,39271470.0
3582,53991756.0
3583,-7853578.5
3584,11392546.0
3585,19296294.0
3586,34365516.0
3587,16106102.0
3588,6141310.0
3589,461532.2
3590,13300748.0
3591,486362880.0
3592,-1255384.4
3593,-2302077.8
3594,-14329970.0
3595,30889896.0
3596,114417336.0
3597,-2100479.5
3598,28106476.0
3599,13063120.0
3600,-1607389.1
3601,-1161512.1
3602,9361378.0
3603,32875224.0
3604,1105807.2
3605,3559472.5
3606,-23186256.0
3607,35416684.0
3608,246605150.0
3609,11731136.0
3610,23601134.0
3611,-9403576.0
3612,-1575455.8
3613,-4015986.5
3614,26973406.0
3615,21181144.0
3616,-55822144.0
3617,-41572040.0
3618,9088524.0
3619,11507994.0
3620,108822710.0
3621,401675300.0
3622,348943550.0
3623,76995384.0
3624,4922418.5
3625,319869.16
3626,25250016.0
3627,-9911828.0
3628,239035840.0
3629,5367615.0
3630,23229596.0
3631,48979132.0
3632,-3175784.5
3633,-36196790.0
3634,-4695800.5
3635,-23607132.0
3636,35383120.0
3637,11917358.0
3638,16570312.0
3639,157798460.0
3640,550150140.0
3641,160471280.0
3642,1642534.9
3643,-16320512.0
3644,13434630.0
3645,27081564.0
3646,-36831404.0
3647,59019520.0
3648,8977774.0
3649,5086985.0
3650,50599420.0
3651,-4059171.8
3652,9638768.0
3653,176648770.0
3654,5222070.5
3655,52925180.0
3656,-17267630.0
3657,-628706.25
3658,-11180914.0
3659,-44521460.0
3660,262348780.0
3661,30524158.0
3662,-684371.4
3663,321447400.0
3664,557267.7
3665,6061206.5
3666,758553.44
3667,124273280.0
3668,32437166.0
3669,-4628209.0
3670,46546304.0
3671,28660600.0
3672,27531660.0
3673,132058560.0
3674,36289096.0
3675,39657930.0
3676,53061344.0
3677,-23017408.0
3678,-18009582.0
3679,-28146316.0
3680,25553646.0
3681,2739017.0
3682,318506750.0
3683,-6470661.5
3684,54912024.0
3685,78969736.0
3686,-27377082.0
3687,45952180.0
3688,-13303002.0
3689,7284828.0
3690,65106296.0
3691,7229392.0
3692,-9920818.0
3693,67009516.0
3694,115994720.0
3695,27225492.0
3696,20367968.0
3697,42100260.0
3698,45024268.0
3699,25825832.0
3700,16372456.0
3701,-12185736.0
3702,-19287774.0
3703,79330720.0
3704,64200730.0
3705,-20704942.0
3706,130925120.0
3707,-4843769.0
3708,6445758.0
3709,274012640.0
3710,1133937.0
3711,-3796447.5
3712,-3239939.5
3713,33073826.0
3714,98816610.0
3715,-1868736.9
3716,11803306.0
3717,-17987814.0
3718,-2854941.0
3719,-14658918.0
3720,-3649854.5
3721,-1245688.8
3722,2665203.0
3723,19467246.0
3724,10524320.0
3725,-17993188.0
3726,-2244520.0
3727,-5239644.5
3728,96796824.0
3729,-19030150.0
3730,388146.5
3731,49297776.0
3732,56802.094
3733,176415180.0
3734,97742930.0
3735,19524612.0
3736,3114154.0
3737,-12935852.0
3738,13505712.0
3739,12705658.0
3740,-36073900.0
3741,40535804.0
3742,108187800.0
3743,-1717487.9
3744,58734376.0
3745,-4368610.5
3746,82964490.0
3747,-3956920.0
3748,2294339.8
3749,1755514.6
3750,7736631.5
3751,6423708.5
3752,6073766.5
3753,-3518351.2
3754,35788372.0
3755,28030314.0
3756,259604530.0
3757,38249596.0
3758,86690450.0
3759,-4753102.5
3760,68499304.0
3761,44698668.0
3762,384089500.0
3763,-7692684.0
3764,23585788.0
3765,-9246232.0
3766,14547932.0
3767,27130904.0
3768,19905352.0
3769,-6032324.5
3770,-7122604.0
3771,9894870.0
3772,44952410.0
3773,15543288.0
3774,12207186.0
3775,166268860.0
3776,46987870.0
3777,-4748835.5
3778,7784372.5
3779,-33850300.0
3780,8636854.0
3781,13664326.0
3782,111526984.0
3783,10172662.0
3784,-6710057.0
3785,283365700.0
3786,29516920.0
3787,101199864.0
3788,521747680.0
3789,1173942.4
3790,16395940.0
3791,5413119.0
3792,-1863341.2
3793,-6205776.5
3794,-1648184.1
3795,410870140.0
3796,43672000.0
3797,26488088.0
3798,28880108.0
3799,368403.84
3800,-28053138.0
3801,699934.5
3802,-948736.0
3803,-430959.56
3804,-2025310.1
3805,26437956.0
3806,14708278.0
3807,-15265186.0
3808,-5210638.5
3809,37958628.0
3810,30531166.0
3811,-32230092.0
3812,6883325.0
3813,13991310.0
3814,-812413.5
3815,147238960.0
3816,118238680.0
3817,-24585662.0
3818,86593600.0
3819,66867908.0
3820,12622930.0
3821,173754660.0
3822,49200810.0
3823,-25025080.0
3824,1113240.0
3825,16709198.0
3826,104845320.0
3827,-5963670.0
3828,12054506.0
3829,-3884745.0
3830,20555744.0
3831,-11810640.0
3832,375099140.0
3833,-4572911.5
3834,-26403488.0
3835,-6533911.0
3836,-5662046.0
3837,42489004.0
3838,52840164.0
3839,-21651168.0
3840,-11108174.0
3841,-4539708.5
3842,18054582.0
3843,10740848.0
3844,-3668.4766
3845,23562722.0
3846,-8534642.0
3847,5045855.0
3848,-9871848.0
3849,102096740.0
3850,10909978.0
3851,-32956298.0
3852,-2459759.2
3853,105794320.0
3854,26013558.0
3855,-3975293.0
3856,36276940.0
3857,491189250.0
3858,-848188.7
3859,-1714565.1
3860,23677022.0
3861,184737920.0
3862,-52625064.0
3863,145221920.0
3864,180395100.0
3865,177649580.0
3866,8453334.0
3867,23009886.0
3868,-31099294.0
3869,12114550.0
3870,167386290.0
3871,325298600.0
3872,40335590.0
3873,3056745.8
3874,2168215.8
3875,105773390.0
3876,1469430.1
3877,60230292.0
3878,352421920.0
3879,412579740.0
3880,-2921656.2
3881,-8854608.0
3882,-1922669.6
3883,-3720511.2
3884,365916380.0
3885,4953978.5
3886,4045281.0
3887,11862436.0
3888,33792250.0
3889,191743760.0
3890,3822780.5
3891,121929.13
3892,24767402.0
3893,450558800.0
3894,187223710.0
3895,24775848.0
3896,1502760.2
3897,13091496.0
3898,39839404.0
3899,370932900.0
3900,224240060.0
3901,17601008.0
3902,-12240474.0
3903,-4341506.0
3904,-29264452.0
3905,26963852.0
3906,101731600.0
3907,7367340.5
3908,-496980.1
3909,-5332228.0
3910,9792332.0
3911,-11257850.0
3912,6608117.5
3913,77178580.0
3914,61539970.0
3915,119334590.0
3916,-11566718.0
3917,-4407193.0
3918,-2642445.0
3919,141733250.0
3920,8312347.5
3921,-9414626.0
3922,5388648.5
3923,75993490.0
3924,97667560.0
3925,121964930.0
3926,-15877658.0
3927,15045558.0
3928,67768350.0
3929,15252618.0
3930,15213882.0
3931,25371760.0
3932,12393594.0
3933,76027910.0
3934,14156698.0
3935,-6240375.0
3936,20091248.0
3937,249937540.0
3938,4281321.0
3939,67386170.0
3940,-21371836.0
3941,74653560.0
3942,128293120.0
3943,635569540.0
3944,143335.64
3945,-573282.0
3946,-3510377.0
3947,12081402.0
3948,9418624.0
3949,20087272.0
3950,31441030.0
3951,4616207.0
3952,78490360.0
3953,31239468.0
3954,413517700.0
3955,11431860.0
3956,26227174.0
3957,11836642.0
3958,36117664.0
3959,7213709.0
3960,1486540.8
3961,94069690.0
3962,17564680.0
3963,23910706.0
3964,321735070.0
3965,-282153.34
3966,6892198.0
3967,326916860.0
3968,39509416.0
3969,3252828.8
3970,1635652.6
3971,19883952.0
3972,-5468703.0
3973,76864800.0
3974,-3470031.2
3975,201731300.0
3976,36939170.0
3977,58459812.0
3978,-16778166.0
3979,-6281888.0
3980,-4126394.0
3981,10222844.0
3982,-23257472.0
3983,7968522.5
3984,489036700.0
3985,55962176.0
3986,625172300.0
3987,-17128138.0
3988,43776092.0
3989,135072020.0
3990,22107910.0
3991,-8636182.0
3992,-21667964.0
3993,12685428.0
3994,4603032.0
3995,21207920.0
3996,260929120.0
3997,29412836.0
3998,19433136.0
3999,-14007636.0
4000,32075294.0
4001,42686244.0
4002,183361420.0
4003,-3777530.0
4004,17083900.0
4005,-6977639.0
4006,54248896.0
4007,-3635300.0
4008,-2359886.8
4009,14143318.0
4010,-89126040.0
4011,36558084.0
4012,332203680.0
4013,40753170.0
4014,7864718.0
4015,53503956.0
4016,39558976.0
4017,31871970.0
4018,56596670.0
4019,235216800.0
4020,46115060.0
4021,52562970.0
4022,-24113204.0
4023,5099662.5
4024,86616056.0
4025,-11418420.0
4026,-11786754.0
4027,29521120.0
4028,28665592.0
4029,-6779015.0
4030,24848336.0
4031,-31929310.0
4032,1486297.5
4033,88494540.0
4034,7689790.5
4035,152055900.0
4036,-13185242.0
4037,-82974430.0
4038,-1818957.6
4039,-29471360.0
4040,-22786008.0
4041,6072973.0
4042,54626444.0
4043,44919424.0
4044,96706650.0
4045,236026190.0
4046,46887830.0
4047,472623650.0
4048,-6715961.0
4049,-7431556.5
4050,-7007186.0
4051,256975220.0
4052,20421252.0
4053,-11130668.0
4054,7088446.0
4055,30867178.0
4056,13227042.0
4057,3865975.0
4058,33910220.0
4059,-4172749.8
4060,68015780.0
4061,178731550.0
4062,39459990.0
4063,-8217315.5
4064,406331170.0
4065,57227572.0
4066,8425748.0
4067,64467176.0
4068,25541176.0
4069,26049222.0
4070,-37776180.0
4071,-5440481.0
4072,-2795781.0
4073,98946460.0
4074,-8193264.0
4075,-9404342.0
4076,64506970.0
4077,442358500.0
4078,3591624.2
4079,86822910.0
4080,-6982074.0
4081,5891505.5
4082,141193180.0
4083,40819836.0
4084,-5744856.5
4085,18994558.0
4086,88168536.0
4087,5379386.5
4088,34224900.0
4089,38120904.0
4090,38888324.0
4091,111141624.0
4092,44066590.0
4093,885838.94
4094,-529159.06
4095,141222750.0
4096,-40195420.0
4097,21037442.0
4098,25508246.0
4099,-24829058.0
4100,113626720.0
4101,52428616.0
4102,67442580.0
4103,40747984.0
4104,-4876430.0
4105,-6584188.5
4106,-1243229.0
4107,-11034790.0
4108,32379442.0
4109,947084.44
4110,3198636.5
4111,26097780.0
4112,3685175.2
4113,-430696.5
4114,211255980.0
4115,3514872.8
4116,25230062.0
4117,-3151033.5
4118,140631300.0
4119,13682552.0
4120,-1145957.1
4121,18887570.0
4122,60323260.0
4123,19364544.0
4124,35876464.0
4125,29100548.0
4126,11559764.0
4127,-1660004.1
4128,-3625027.2
4129,-14435374.0
4130,-5851021.0
4131,81993980.0
4132,115360460.0
4133,18547040.0
4134,14718310.0
4135,53708770.0
4136,450896500.0
4137,-9591716.0
4138,20990862.0
4139,444115.2
4140,2015057.5
4141,-14400068.0
4142,165635170.0
4143,11471552.0
4144,-15141342.0
4145,184994500.0
4146,-2869341.8
4147,-2950228.2
4148,-1331847.8
4149,4973425.5
4150,-9018906.0
4151,17236368.0
4152,61265824.0
4153,91198856.0
4154,19662106.0
4155,19424590.0
4156,27200040.0
4157,-15802144.0
4158,64015664.0
4159,25653324.0
4160,402133730.0
4161,-36064924.0
4162,5312538.0
4163,107257320.0
4164,21064496.0
4165,-1578985.4
4166,-28745364.0
4167,169598720.0
4168,4153302.5
4169,24808662.0
4170,14817662.0
4171,143217900.0
4172,124329830.0
4173,-9989388.0
4174,9732838.0
4175,41289950.0
4176,33137220.0
4177,-7310258.0
4178,427074660.0
4179,9584392.0
4180,151520420.0
4181,92965260.0
4182,39496436.0
4183,22463056.0
4184,26942082.0
4185,14044040.0
4186,-50604330.0
4187,21457540.0
4188,1206425.8
4189,-3681041.0
4190,-8312608.5
4191,-4501379.5
4192,-19465850.0
4193,457427550.0
4194,89406510.0
4195,10393788.0
4196,12816664.0
4197,10724870.0
4198,-5817406.0
4199,-12236940.0
4200,51058372.0
4201,61007740.0
4202,185855250.0
4203,-26243636.0
4204,55078500.0
4205,-2727528.2
4206,73685490.0
4207,375083200.0
4208,633106560.0
4209,62302204.0
4210,69899730.0
4211,30776070.0
4212,269093700.0
4213,-799386.44
4214,17287442.0
4215,41443276.0
4216,7547830.0
4217,4603538.0
4218,40088840.0
4219,31530994.0
4220,20235070.0
4221,2084168.8
4222,-9242430.0
4223,68240570.0
4224,1145868.0
4225,43583336.0
4226,-12353724.0
4227,47726520.0
4228,-4262034.0
4229,97070050.0
4230,5949869.5
4231,-6594705.5
4232,-2473517.2
4233,-39779028.0
4234,178219330.0
4235,-28701618.0
4236,1789133.1
4237,37172656.0
4238,5700448.0
4239,181181950.0
4240,432570880.0
4241,-38379296.0
4242,-9225550.0
4243,4467873.5
4244,8878878.0
4245,18105208.0
4246,-6125098.0
4247,68102580.0
4248,-11916044.0
4249,18216876.0
4250,63321850.0
4251,1696178.9
4252,-11023132.0
4253,78036200.0
4254,33137154.0
4255,271677860.0
4256,460021660.0
4257,67941760.0
4258,27296966.0
4259,-8877912.0
4260,144241180.0
4261,-48147904.0
4262,23641254.0
4263,998338.3
4264,339037900.0
4265,-19994654.0
4266,25975450.0
4267,103704296.0
4268,-4500734.0
4269,-5438505.0
4270,483159700.0
4271,-27357376.0
4272,-8645994.0
4273,23672996.0
4274,25182400.0
4275,13744774.0
4276,-9901856.0
4277,20340164.0
4278,17414424.0
4279,23441008.0
4280,-5129924.5
4281,-1169350.9
4282,10048666.0
4283,258771.4
4284,53102720.0
4285,-7317413.0
4286,751283840.0
4287,46730040.0
4288,51239236.0
4289,-3111835.8
4290,136991520.0
4291,-9026810.0
4292,8406278.0
4293,18349970.0
4294,-56766984.0
4295,130206440.0
4296,590063.75
4297,-41610100.0
4298,-8042559.0
4299,-23950914.0
4300,9571888.0
4301,25661654.0
4302,23930318.0
4303,-7125067.0
4304,21044992.0
4305,55674800.0
4306,44949772.0
4307,-5580836.5
4308,-2864946.8
4309,59067950.0
4310,-3227361.2
4311,908775.0
4312,65699816.0
4313,137619490.0
4314,8539876.0
4315,180417660.0
4316,186962380.0
4317,-5040039.0
4318,40050856.0
4319,4666468.0
4320,47671700.0
4321,-21676420.0
4322,13142610.0
4323,13571760.0
4324,-52061284.0
4325,506225.22
4326,-4503394.0
4327,119403120.0
4328,-15899248.0
4329,-1108997.4
4330,354306180.0
4331,58353228.0
4332,11501522.0
4333,-3378101.0
4334,-27271224.0
4335,89430536.0
4336,49293876.0
4337,-13056180.0
4338,260589730.0
4339,24134970.0
4340,6207459.0
4341,20801438.0
4342,11197606.0
4343,31408724.0
4344,20921976.0
4345,1612086.4
4346,17395146.0
4347,112436056.0
4348,9930794.0
4349,185829650.0
4350,9871672.0
4351,717570500.0
4352,-20853802.0
4353,202185340.0
4354,24170314.0
4355,58527020.0
4356,23573982.0
4357,215237860.0
4358,9685780.0
4359,46466652.0
4360,-25516336.0
4361,-339877.06
4362,-14445846.0
4363,11041234.0
4364,38843644.0
4365,6850990.5
4366,38026404.0
4367,71870720.0
4368,128456100.0
4369,42389740.0
4370,73853060.0
4371,251024800.0
4372,4454041.0
4373,-6246156.5
4374,34849890.0
4375,-2345780.0
4376,-3444256.2
4377,-11023322.0
4378,77404350.0
4379,440852160.0
4380,14359540.0
4381,20906050.0
4382,164676880.0
4383,51817864.0
4384,15712254.0
4385,42185532.0
4386,9652158.0
4387,153104800.0
4388,-16020978.0
4389,142602540.0
4390,-11425838.0
4391,1843533.1
4392,124503416.0
4393,18389758.0
4394,24095024.0
4395,-26483912.0
4396,17855808.0
4397,17392816.0
4398,149665810.0
4399,5829787.0
4400,1685849.4
4401,134842830.0
4402,13791428.0
4403,17058218.0
4404,52155640.0
4405,8217051.0
4406,-3177750.2
4407,16687296.0
4408,97072.92
4409,37427624.0
4410,-7058874.0
4411,-12322142.0
4412,18772568.0
4413,36373284.0
4414,-15342378.0
4415,-36560110.0
4416,-12294442.0
4417,412617820.0
4418,56738692.0
4419,-113707710.0
4420,521599700.0
4421,-218921.84
4422,-676464.6
4423,7199803.5
4424,9274812.0
4425,106454584.0
4426,183099180.0
4427,114840890.0
4428,-1057590.1
4429,266248.03
4430,3905137.0
4431,5502473.5
4432,97868050.0
4433,255827760.0
4434,196427840.0
4435,-2146831.2
4436,-39365412.0
4437,13404614.0
4438,28139538.0
4439,6496861.5
4440,3347486.0
4441,25688964.0
4442,40790476.0
4443,14259076.0
4444,10241882.0
4445,10545818.0
4446,-6572339.0
4447,17608968.0
4448,-85835470.0
4449,3171613.0
4450,123629010.0
4451,484480000.0
4452,3845944.2
4453,9693726.0
4454,-7198690.0
4455,-8745156.0
4456,29121762.0
4457,3247680.2
4458,-11996652.0
4459,106540760.0
4460,9960898.0
4461,156939950.0
4462,45576980.0
4463,5733993.5
4464,36983660.0
4465,14364476.0
4466,-7257915.5
4467,51209964.0
4468,-13900710.0
4469,-27885222.0
4470,10546032.0
4471,5730828.0
4472,33878990.0
4473,16728808.0
4474,51623668.0
4475,-121294.95
4476,-23140546.0
4477,37059830.0
4478,9501120.0
4479,-4987325.0
4480,65867160.0
4481,-2010087.1
4482,23637390.0
4483,-36489660.0
4484,-6925375.5
4485,1658201.9
4486,111527320.0
4487,10438904.0
4488,145582560.0
4489,16987658.0
4490,-22397030.0
4491,160249250.0
4492,63522428.0
4493,-9061408.0
4494,-2898989.8
4495,1475469.2
4496,11418482.0
4497,-9668364.0
4498,95592040.0
4499,-6105404.5
4500,32557024.0
4501,34553676.0
4502,19688144.0
4503,670742600.0
4504,-16115114.0
4505,-1380917.6
4506,40096156.0
4507,-6376957.5
4508,-9843710.0
4509,12938.984
4510,24942836.0
4511,201730130.0
4512,-2339137.5
4513,8683442.0
4514,13043134.0
4515,317537500.0
4516,-3683853.0
4517,4489312.5
4518,117287016.0
4519,-2105522.8
4520,12148680.0
4521,41540852.0
4522,22296716.0
4523,47117044.0
4524,-938957.1
4525,-1501479.1
4526,-564456.0
4527,21225286.0
4528,9773102.0
4529,3400273.8
4530,24740640.0
4531,6718197.0
4532,-5209109.0
4533,30687328.0
4534,-3649402.2
4535,80390380.0
4536,-948124.25
4537,13044060.0
4538,47873956.0
4539,-2964155.0
4540,70952140.0
4541,1931221.0
4542,125111260.0
4543,98596870.0
4544,-1620675.5
4545,-4500949.0
4546,-12046928.0
4547,10208364.0
4548,4674430.0
4549,14701518.0
4550,15004696.0
4551,1063473500.0
4552,73928890.0
4553,23753062.0
4554,193850580.0
4555,-7214248.5
4556,1676473.4
4557,6825830.5
4558,12087088.0
4559,99820950.0
4560,-43835436.0
4561,41967510.0
4562,-8709192.0
4563,226278770.0
4564,10696232.0
4565,13822926.0
4566,68978890.0
4567,-14964878.0
4568,-9851996.0
4569,15679470.0
4570,57854630.0
4571,1983568.4
4572,51303284.0
4573,42273744.0
4574,-4153081.2
4575,7119043.5
4576,-4576694.0
4577,10922302.0
4578,134458190.0
4579,6593926.5
4580,147323680.0
4581,19952324.0
4582,6690253.5
4583,159239490.0
4584,4047877.8
4585,121424560.0
4586,8680078.0
4587,-7566820.5
4588,182132380.0
4589,13262610.0
4590,875628540.0
4591,-26432248.0
4592,2701243.5
4593,1035622.9
4594,46855664.0
4595,273019300.0
4596,423697250.0
4597,-1348416.5
4598,60428120.0
4599,-25933230.0
4600,-6894298.0
4601,-2027108.9
4602,83966820.0
4603,16115172.0
4604,14436444.0
4605,301953060.0
4606,8423008.0
4607,24984382.0
4608,-14536450.0
4609,42305976.0
4610,49325044.0
4611,565026750.0
4612,32024340.0
4613,50643670.0
4614,2795678.5
4615,-4992648.5
4616,-11771286.0
4617,42487344.0
4618,-16859632.0
4619,-1456395.8
4620,21717828.0
4621,491202430.0
4622,-32949896.0
4623,-5262931.5
4624,-552998.6
4625,-24526758.0
4626,17602738.0
4627,23840936.0
4628,-19207044.0
4629,-2901776.8
4630,-35540856.0
4631,29287414.0
4632,-2226939.0
4633,-21242770.0
4634,-19292122.0
4635,2649922.8
4636,29783834.0
4637,15633004.0
4638,68384000.0
4639,-6113930.5
4640,7442233.5
4641,72563760.0
4642,3415162.5
4643,18632958.0
4644,-5942349.5
4645,2881079.0
4646,760925500.0
4647,21885698.0
4648,17623670.0
4649,-2702051.0
4650,-3029449.0
4651,93850870.0
4652,473851260.0
4653,13492930.0
4654,5288738.5
4655,107732470.0
4656,-20311824.0
4657,15784642.0
4658,39728330.0
4659,35524750.0
4660,29143568.0
4661,46523470.0
4662,3400273.8
4663,-693780.56
4664,-15043444.0
4665,40528890.0
4666,6395935.5
4667,3323534.5
4668,-4879288.0
4669,11503094.0
4670,22611362.0
4671,22100348.0
4672,-5921642.0
4673,75378184.0
4674,3565712.8
4675,35484024.0
4676,-3402731.8
4677,-16180708.0
4678,-9261836.0
4679,-7611609.0
4680,19096368.0
4681,35217736.0
4682,-1653335.8
4683,-698394.6
4684,-6353574.5
4685,128824.25
4686,-1903991.8
4687,-14533564.0
4688,170955330.0
4689,11568360.0
4690,7828898.5
4691,51373460.0
4692,-11460174.0
4693,63270732.0
4694,15946642.0
4695,67672340.0
4696,-27944658.0
4697,14807960.0
4698,-3615169.0
4699,19032206.0
4700,115471190.0
4701,56832696.0
4702,-19415548.0
4703,-3043610.5
4704,13752262.0
4705,34717010.0
4706,113835820.0
4707,11134532.0
4708,36816296.0
4709,-8198393.0
4710,219940580.0
4711,-2984872.0
4712,-2806814.8
4713,128130030.0
4714,27626346.0
4715,-10746802.0
4716,-10541482.0
4717,6237862.0
4718,14895312.0
4719,115475160.0
4720,16961894.0
4721,18834692.0
4722,5656339.0
4723,-21730680.0
4724,13340972.0
4725,-3286250.0
4726,-1045297.44
4727,-17402722.0
4728,7058352.0
4729,-3837171.8
4730,-16919682.0
4731,48222250.0
4732,260861100.0
4733,-1545835.1
4734,225027100.0
4735,40330460.0
4736,10264036.0
4737,28188072.0
4738,-8849140.0
4739,62746870.0
4740,347620450.0
4741,-2895124.8
4742,30158832.0
4743,-2135590.5
4744,-4881394.0
4745,348478880.0
4746,55672740.0
4747,6051294.5
4748,69309816.0
4749,3455243.8
4750,-32295282.0
4751,41770320.0
4752,-4096041.5
4753,-3432064.5
4754,142813940.0
4755,135602700.0
4756,48056796.0
4757,279833280.0
4758,48428890.0
4759,226156600.0
4760,-5600494.5
4761,-1009933.9
4762,1314776.8
4763,-1128315.5
4764,211150620.0
4765,16961732.0
4766,338042530.0
4767,59654760.0
4768,73935990.0
4769,50942384.0
4770,7911050.0
4771,354327940.0
4772,95326.22
4773,33310234.0
4774,15605000.0
4775,-3627129.2
4776,17120542.0
4777,177892210.0
4778,58783460.0
4779,20714260.0
4780,328242850.0
4781,-1323083.5
4782,19042212.0
4783,17476208.0
4784,-13011410.0
4785,16454116.0
4786,89166760.0
4787,16625884.0
4788,93053496.0
4789,17415606.0
4790,10222874.0
4791,-56313910.0
4792,9411008.0
4793,13346336.0
4794,65226084.0
4795,-10634944.0
4796,-27651256.0
4797,729935200.0
4798,54678250.0
4799,382402.78
4800,44181750.0
4801,-5298696.5
4802,28986756.0
4803,-10371034.0
4804,14943982.0
4805,-4501379.5
4806,-13257886.0
4807,-11078492.0
4808,31686770.0
4809,32114990.0
4810,-12092446.0
4811,-14381026.0
4812,42760840.0
4813,-7230049.5
4814,45722330.0
4815,-18777802.0
4816,102091704.0
4817,6114707.0
4818,-7493019.0
4819,3902073.2
4820,-16253892.0
4821,13112438.0
4822,8564766.0
4823,-25749546.0
4824,33569660.0
4825,44411084.0
4826,5298867.0
4827,67471810.0
4828,32974784.0
4829,57407020.0
4830,250819860.0
4831,27596398.0
4832,68314670.0
4833,17597884.0
4834,-349950.88
4835,173051620.0
4836,-1774724.4
4837,164687230.0
4838,18259446.0
4839,8408020.0
4840,573391940.0
4841,-5062094.5
4842,-32576802.0
4843,84533540.0
4844,5081035.0
4845,16491164.0
4846,-18169266.0
4847,462869540.0
4848,32752578.0
4849,291099070.0
4850,-37512304.0
4851,-8131328.0
4852,53551.457
4853,34609820.0
4854,5045331.0
4855,23140184.0
4856,823058.44
4857,31818834.0
4858,40409190.0
4859,-4495588.5
4860,108954760.0
4861,109558730.0
4862,105093630.0
4863,176421600.0
4864,44586196.0
4865,21262984.0
4866,15114198.0
4867,345868740.0
4868,-1321287.4
4869,7793625.5
4870,49077390.0
4871,21529690.0
4872,3975364.2
4873,14865718.0
4874,34613068.0
4875,10312542.0
4876,-4601551.5
4877,27099822.0
4878,79725240.0
4879,39837732.0
4880,2906435.2
4881,-2359813.0
4882,3761952.8
4883,-173963.84
4884,88122310.0
4885,31404338.0
4886,27755178.0
4887,-1278903.9
4888,8443514.0
4889,-7460414.0
4890,125277680.0
4891,-3462421.8
4892,-17215514.0
4893,53170196.0
4894,5007860.0
4895,7189424.5
4896,10056472.0
4897,5302666.5
4898,68866260.0
4899,-25456844.0
4900,223612850.0
4901,77352470.0
4902,-22548394.0
4903,28841080.0
4904,21048798.0
4905,-5281400.5
4906,-5695191.5
4907,340459460.0
4908,73447010.0
4909,-2673587.2
4910,8675100.0
4911,25478304.0
4912,112601360.0
4913,11068086.0
4914,4087654.5
4915,47071064.0
4916,13885056.0
4917,-2927833.5
4918,233942540.0
4919,76874400.0
4920,58732436.0
4921,19633764.0
4922,-4272441.5
4923,-7536937.0
4924,132636904.0
4925,138542510.0
4926,11161032.0
4927,-33681056.0
4928,13277092.0
4929,198796430.0
4930,-13118610.0
4931,8654832.0
4932,-9056490.0
4933,45339960.0
4934,-6899120.5
4935,646520900.0
4936,6080466.0
4937,-4783002.0
4938,-38368904.0
4939,-4624625.5
4940,14140872.0
4941,76957020.0
4942,-1008924.94
4943,57969056.0
4944,107198616.0
4945,-14794254.0
4946,2739474.2
4947,-19442336.0
4948,-5129043.5
4949,10534618.0
4950,103432040.0
4951,2104008.5
4952,34430680.0
4953,49442560.0
4954,100239176.0
4955,10347322.0
4956,1354764.1
4957,40802864.0
4958,12444574.0
4959,32644432.0
4960,19154528.0
4961,96687680.0
4962,-2048487.9
4963,159137860.0
4964,-29451528.0
4965,901495.5
4966,22546166.0
4967,64472900.0
4968,-6146663.5
4969,-6728796.0
4970,10880310.0
4971,51771916.0
4972,-31307592.0
4973,51855964.0
4974,-45722132.0
4975,7781107.0
4976,-5208531.0
4977,95303380.0
4978,6782830.0
4979,-5846075.0
4980,15204304.0
4981,34754990.0
4982,137343660.0
4983,-13977478.0
4984,16424226.0
4985,148481630.0
4986,-8498494.0
4987,-9347738.0
4988,17670548.0
4989,20578220.0
4990,-7364809.5
4991,-2482856.2
4992,70679990.0
4993,-8714956.0
4994,16177876.0
4995,-344840.66
4996,42044772.0
4997,74454340.0
4998,11398284.0
4999,39732144.0
5000,114200100.0
5001,182762060.0
5002,185822940.0
5003,120852960.0
5004,42246348.0
5005,36460250.0
5006,277163600.0
5007,30311552.0
5008,543786600.0
5009,32149044.0
5010,16975366.0
5011,20866098.0
5012,-32059790.0
5013,-29974386.0
5014,40942364.0
5015,18621832.0
5016,40325340.0
5017,36865576.0
5018,34392664.0
5019,80743896.0
5020,-52096880.0
5021,60393536.0
5022,-1309096.2
5023,-2838933.0
5024,300826460.0
5025,4699380.0
5026,72946260.0
5027,8449794.0
5028,149945780.0
5029,22328014.0
5030,26104650.0
5031,-8752274.0
5032,12612594.0
5033,5534688.5
5034,34302996.0
5035,-4245182.0
5036,-3612490.0
5037,1082218.4
5038,257354600.0
5039,-24216724.0
5040,143190960.0
5041,-25649196.0
5042,25791792.0
5043,21395858.0
5044,59433652.0
5045,-602232.2
5046,16154492.0
5047,12785092.0
5048,-3542647.8
5049,53490620.0
5050,-15181390.0
5051,572180400.0
5052,51413556.0
5053,-16455678.0
5054,-24386868.0
5055,-30999880.0
5056,38077120.0
5057,7499814.0
5058,4250665.0
5059,-3902838.5
5060,138605570.0
5061,-13357556.0
5062,-3619174.0
5063,-3548429.5
5064,-10864540.0
5065,21203094.0
5066,-14802894.0
5067,26581042.0
5068,-36637500.0
5069,26902928.0
5070,-16074216.0
5071,4274194.0
5072,85469720.0
5073,2216369.0
5074,-15553034.0
5075,32115292.0
5076,40165136.0
5077,68205320.0
5078,-11137448.0
5079,4738361.0
5080,145276020.0
5081,-13166338.0
5082,19241588.0
5083,-1200954.6
5084,-14507422.0
5085,25657194.0
5086,4854146.0
5087,-9761778.0
5088,11037754.0
5089,13549578.0
5090,22936912.0
5091,44161420.0
5092,25040340.0
5093,2356339.5
5094,38889380.0
5095,33102198.0
5096,22988568.0
5097,-3630414.5
5098,-11792626.0
5099,-11152948.0
5100,-8180692.0
5101,-9887986.0
5102,-2865790.2
5103,150329.28
5104,7669587.0
5105,8114555.0
5106,-30614432.0
5107,56491996.0
5108,31532604.0
5109,-1285564.2
5110,40280324.0
5111,37317868.0
5112,8770780.0
5113,3992485.0
5114,-27227464.0
5115,2793045.0
5116,-8279979.5
5117,216979330.0
5118,-32059118.0
5119,-12151900.0
5120,19921656.0
5121,100900776.0
5122,10537252.0
5123,-2764200.0
5124,14112994.0
5125,-4032075.0
5126,-34626364.0
5127,180276580.0
5128,-12740588.0
5129,-56829930.0
5130,-31142362.0
5131,2609537.0
5132,27840388.0
5133,133630776.0
5134,65069384.0
5135,143554670.0
5136,16635796.0
5137,37425140.0
5138,61055380.0
5139,85653100.0
5140,117670780.0
5141,33095510.0
5142,88276130.0
5143,170288260.0
5144,32992214.0
5145,24071466.0
5146,10929138.0
5147,-7984390.0
5148,26259294.0
5149,-5138617.0
5150,236103120.0
5151,317731800.0
5152,-24301304.0
5153,22569234.0
5154,51218644.0
5155,21868568.0
5156,624646140.0
5157,-26867594.0
5158,3254079.5
5159,17598634.0
5160,-2625265.8
5161,21801352.0
5162,33105202.0
5163,275274370.0
5164,-7500473.0
5165,-13140014.0
5166,71220520.0
5167,-3230538.0
5168,6668778.0
5169,2767550.0
5170,2034235.0
5171,207588350.0
5172,-4426135.0
5173,13140498.0
5174,69210504.0
5175,-1530368.0
5176,-30563348.0
5177,42479056.0
5178,745713400.0
5179,11015718.0
5180,12207458.0
5181,-1321661.1
5182,-30703888.0
5183,-17440162.0
5184,95068290.0
5185,-4783438.5
5186,-19519198.0
5187,703324.75
5188,27902536.0
5189,20814482.0
5190,223815440.0
5191,26861530.0
5192,35740210.0
5193,44745670.0
5194,42841748.0
5195,118555400.0
5196,9217864.0
5197,69525656.0
5198,12063734.0
5199,14102138.0
5200,-10031550.0
5201,48002250.0
5202,12857568.0
5203,5503275.0
5204,12608770.0
5205,4551963.5
5206,73030470.0
5207,28209346.0
5208,-36585720.0
5209,59965892.0
5210,30282626.0
5211,11056670.0
5212,146260740.0
5213,11297846.0
5214,-11827444.0
5215,-6188690.5
5216,35042836.0
5217,15413638.0
5218,12611570.0
5219,-22469020.0
5220,53371812.0
5221,-2634574.5
5222,11654740.0
5223,-7687378.5
5224,-12045900.0
5225,-2617757.0
5226,46324316.0
5227,-5019358.0
5228,15833158.0
5229,47036936.0
5230,4799401.0
5231,-2257460.2
5232,-3975293.0
5233,-5879980.0
5234,528455.44
5235,32819268.0
5236,41318784.0
5237,210427220.0
5238,-4382473.0
5239,66877572.0
5240,112045464.0
5241,27444510.0
5242,59538880.0
5243,-18030094.0
5244,58582404.0
5245,-42504540.0
5246,5198028.0
5247,-53432652.0
5248,48875520.0
5249,21819174.0
5250,34772796.0
5251,-15842070.0
5252,-17329824.0
5253,20859210.0
5254,-2783340.5
5255,32035446.0
5256,8746278.0
5257,11945410.0
5258,-24572896.0
5259,89790730.0
5260,18792776.0
5261,27146812.0
5262,-4301752.5
5263,52370404.0
5264,-9532622.0
5265,116387490.0
5266,28399218.0
5267,-26145918.0
5268,51710800.0
5269,25923626.0
5270,2908521.2
5271,28861258.0
5272,124608860.0
5273,-7318712.0
5274,-7274458.5
5275,6564891.0
5276,-6841740.5
5277,-4693879.5
5278,21244114.0
5279,3804023.2
5280,-4408195.0
5281,16342900.0
5282,-4122200.0
5283,-2760574.8
5284,4332890.5
5285,-8265166.5
5286,-7606604.5
5287,4284115.5
5288,-11489732.0
5289,502717760.0
5290,95259730.0
5291,601227400.0
5292,137964580.0
5293,116288790.0
5294,16034472.0
5295,454147650.0
5296,5790030.5
5297,5982085.5
5298,194548770.0
5299,12074978.0
5300,-11194036.0
5301,-8832654.0
5302,69825730.0
5303,15789174.0
5304,-3451210.5
5305,5506835.5
5306,172569740.0
5307,247340300.0
5308,-11365158.0
5309,-4210097.0
5310,77244744.0
5311,27781428.0
5312,98778130.0
5313,910465800.0
5314,155572510.0
5315,2779087.2
5316,23839070.0
5317,2353081.0
5318,-2648899.5
5319,250394300.0
5320,371097.7
5321,-45451.945
5322,-15775698.0
5323,144758880.0
5324,19484452.0
5325,-15149798.0
5326,2024066.9
5327,43778876.0
5328,4814471.5
5329,-4427788.5
5330,71126310.0
5331,-2310407.8
5332,56802.094
5333,29064434.0
5334,23073486.0
5335,-2879573.5
5336,7673179.0
5337,-28178784.0
5338,43577644.0
5339,43095236.0
5340,-2374628.5
5341,66158896.0
5342,120942776.0
5343,-15335080.0
5344,254172080.0
5345,13935444.0
5346,232925150.0
5347,9213400.0
5348,39029060.0
5349,-3306999.5
5350,-2831214.0
5351,7125117.5
5352,53079864.0
5353,10475756.0
5354,17885774.0
5355,79652744.0
5356,-1041036.75
5357,-8500188.0
5358,218777710.0
5359,-29944348.0
5360,514549.75
5361,9037890.0
5362,-17648550.0
5363,14791456.0
5364,26849792.0
5365,32982942.0
5366,32077806.0
5367,-4761623.5
5368,19671750.0
5369,668603800.0
5370,-21123554.0
5371,65572376.0
5372,956666940.0
5373,-16615616.0
5374,113987080.0
5375,5215629.0
5376,110000344.0
5377,59167244.0
5378,-16577434.0
5379,-50429610.0
5380,75938930.0
5381,1372802.4
5382,-19513172.0
5383,-677773.0
5384,171602000.0
5385,100901640.0
5386,-54750596.0
5387,2552357.5
5388,165814110.0
5389,-17767392.0
5390,69720150.0
5391,37814084.0
5392,-4700307.5
5393,-7232283.0
5394,43933604.0
5395,42976332.0
5396,99775650.0
5397,-3190444.8
5398,23518648.0
5399,4088213.5
5400,7990581.5
5401,152576640.0
5402,32176586.0
5403,42336844.0
5404,-3512090.0
5405,104452110.0
5406,-7504877.0
5407,204012690.0
5408,614109060.0
5409,4742708.5
5410,-15689916.0
5411,12969860.0
5412,-7183794.0
5413,-10362098.0
5414,84807910.0
5415,52590252.0
5416,16436338.0
5417,68586930.0
5418,-13303002.0
5419,-3911432.5
5420,-4914188.0
5421,38534212.0
5422,2043276.2
5423,201386290.0
5424,58741164.0
5425,40546990.0
5426,-13538446.0
5427,443635.66
5428,-8680612.0
5429,14830048.0
5430,57839284.0
5431,67000364.0
5432,64455668.0
5433,-17565506.0
5434,50008080.0
5435,18330912.0
5436,37048010.0
5437,28259802.0
5438,-16795794.0
5439,8726110.0
5440,-8774458.0
5441,5001544.0
5442,105395380.0
5443,20144638.0
5444,42556656.0
5445,29419342.0
5446,45717436.0
5447,-19455722.0
5448,17675870.0
5449,27626308.0
5450,481709.66
5451,31218062.0
5452,-11566718.0
5453,64794570.0
5454,91394056.0
5455,10114852.0
5456,-4873214.5
5457,-11191924.0
5458,58928780.0
5459,-6695444.0
5460,-10044554.0
5461,-13561254.0
5462,6956028.5
5463,662519230.0
5464,9821362.0
5465,77289590.0
5466,107125100.0
5467,58634764.0
5468,87787890.0
5469,9962128.0
5470,360100480.0
5471,159676700.0
5472,16820688.0
5473,41719120.0
5474,47566132.0
5475,4745798.5
5476,-23292560.0
5477,5269256.0
5478,15860024.0
5479,48711708.0
5480,34627820.0
5481,36702588.0
5482,91299976.0
5483,14359036.0
5484,7031835.0
5485,-10347810.0
5486,42270050.0
5487,257161150.0
5488,36098324.0
5489,2423430.2
5490,27530556.0
5491,25020876.0
5492,121734180.0
5493,-26482126.0
5494,-11747146.0
5495,6436605.0
5496,47627690.0
5497,-3815526.2
5498,-3045795.8
5499,34478916.0
5500,14514730.0
5501,21478002.0
5502,-23007940.0
5503,-14397556.0
5504,114340880.0
5505,-6910421.0
5506,414579330.0
5507,41608624.0
5508,289934080.0
5509,73797710.0
5510,80332280.0
5511,-26167332.0
5512,43805172.0
5513,2264248.5
5514,51918770.0
5515,18557446.0
5516,7046242.0
5517,298665900.0
5518,13351744.0
5519,86030600.0
5520,8829768.0
5521,-9598756.0
5522,-8869918.0
5523,199734610.0
5524,68936730.0
5525,27336834.0
5526,-2270968.8
5527,11373576.0
5528,6974105.5
5529,7082360.0
5530,254247550.0
5531,-6618663.0
5532,-7870907.5
5533,107423380.0
5534,576903740.0
5535,-12869940.0
5536,-6558649.0
5537,-45671024.0
5538,-12773268.0
5539,165979000.0
5540,-22208734.0
5541,118181736.0
5542,-4039469.5
5543,26850004.0
5544,65948670.0
5545,-15530128.0
5546,1365754.5
5547,48504640.0
5548,42069924.0
5549,65123940.0
5550,-7421655.5
5551,-15631970.0
5552,80318610.0
5553,36328384.0
5554,17036144.0
5555,53435104.0
5556,31237980.0
5557,-7590809.0
5558,505158600.0
5559,266918.84
5560,4341832.0
5561,8749900.0
5562,17254350.0
5563,-3489812.2
5564,-12735158.0
5565,-38267348.0
5566,-3243155.5
5567,5636384.5
5568,14693624.0
5569,3730801.0
5570,36914080.0
5571,104798170.0
5572,2701782.5
5573,138912300.0
5574,13369304.0
5575,130245520.0
5576,32548236.0
5577,8062139.5
5578,5118699.5
5579,10363848.0
5580,15226308.0
5581,-4719820.0
5582,19959442.0
5583,-26349256.0
5584,17789178.0
5585,76174930.0
5586,4992251.0
5587,27038566.0
5588,184696110.0
5589,26393496.0
5590,26598190.0
5591,45099016.0
5592,-3444123.5
5593,27487694.0
5594,10882316.0
5595,39141990.0
5596,21124532.0
5597,9233424.0
5598,20037656.0
5599,36001210.0
5600,2330737.5
5601,81236650.0
5602,71528990.0
5603,-7255474.5
5604,-8647410.0
5605,118763350.0
5606,123550776.0
5607,41525172.0
5608,55388044.0
5609,-3734449.0
5610,18875936.0
5611,44312550.0
5612,445174660.0
5613,-14452698.0
5614,3857014.2
5615,23156362.0
5616,8440000.0
5617,285218340.0
5618,81367544.0
5619,65653250.0
5620,-22050664.0
5621,28068082.0
5622,-41422588.0
5623,23931068.0
5624,219812900.0
5625,-4879288.0
5626,-16451430.0
5627,82679370.0
5628,-1682788.2
5629,253225760.0
5630,-7463027.0
5631,19321314.0
5632,29256108.0
5633,54179060.0
5634,11030630.0
5635,-26106100.0
5636,-7887251.5
5637,-8192578.5
5638,55436160.0
5639,-47049500.0
5640,-3630153.2
5641,31779484.0
5642,1244387.5
5643,9412352.0
5644,505735200.0
5645,30370980.0
5646,6629586.5
5647,53897990.0
5648,27283304.0
5649,-15388160.0
5650,58740124.0
5651,22790694.0
5652,-3808363.0
5653,67875336.0
5654,134848530.0
5655,72169390.0
5656,714046340.0
5657,22619736.0
5658,-1757546.1
5659,24024196.0
5660,-34109108.0
5661,9126408.0
5662,-86224080.0
5663,22443492.0
5664,594726.44
5665,39242028.0
5666,-18678432.0
5667,62289532.0
5668,-6493299.0
5669,13235854.0
5670,519459070.0
5671,4785567.5
5672,83649760.0
5673,36925370.0
5674,-2541558.0
5675,25308042.0
5676,-4957568.0
5677,-34819132.0
5678,83090264.0
5679,-4888671.5
5680,8932838.0
5681,454664000.0
5682,-2118690.0
5683,410722240.0
5684,57961148.0
5685,43282468.0
5686,-3526009.2
5687,39757724.0
5688,-8116922.5
5689,-3069479.5
5690,-8875138.0
5691,19277742.0
5692,396509540.0
5693,-6369152.0
5694,-14650462.0
5695,1761646.9
5696,46631010.0
5697,-8092558.5
5698,-3745757.0
5699,7199716.5
5700,57343384.0
5701,18450874.0
5702,-8171983.5
5703,19498430.0
5704,-28510532.0
5705,17920226.0
5706,5047970.0
5707,10027594.0
5708,5053685.5
5709,10038658.0
5710,-1968907.2
5711,77889290.0
5712,8743250.0
5713,3076908.0
5714,65195916.0
5715,6719383.0
5716,-4663038.0
5717,11462986.0
5718,12675952.0
5719,24729590.0
5720,29686590.0
5721,64690664.0
5722,-19748920.0
5723,-5017616.5
5724,49404.53
5725,-8765834.0
5726,-8303887.5
5727,63669308.0
5728,26217172.0
5729,127963890.0
5730,5237778.0
5731,8159189.5
5732,206942.28
5733,436666.28
5734,24083682.0
5735,29485646.0
5736,21929460.0
5737,-25994218.0
5738,10502136.0
5739,-3319335.8
5740,153760530.0
5741,158711860.0
5742,53165104.0
5743,44999016.0
5744,-2765165.8
5745,3567992.8
5746,54314144.0
5747,-9687510.0
5748,27861038.0
5749,26687742.0
5750,47657804.0
5751,23726612.0
5752,-15887730.0
5753,328184700.0
5754,-9737176.0
5755,23634088.0
5756,17171140.0
5757,31834280.0
5758,-15616290.0
5759,-16574184.0
5760,12529030.0
5761,-416921.03
5762,139093940.0
5763,76128850.0
5764,9859072.0
5765,10079668.0
5766,25505984.0
5767,42203240.0
5768,40908460.0
5769,483240830.0
5770,27850096.0
5771,10973756.0
5772,29151102.0
5773,46842356.0
5774,19746794.0
5775,68641110.0
5776,-53961708.0
5777,45514996.0
5778,280337500.0
5779,120292250.0
5780,-2919526.8
5781,50138284.0
5782,293867230.0
5783,37924948.0
5784,20408858.0
5785,89865600.0
5786,-2403549.8
5787,79396580.0
5788,-1755477.5
5789,48372510.0
5790,60712984.0
5791,-1971084.2
5792,17064734.0
5793,9632716.0
5794,51417050.0
5795,9716878.0
5796,-8639296.0
5797,75786776.0
5798,-5156255.0
5799,173946050.0
5800,1881126.4
5801,30504168.0
5802,-11501366.0
5803,-9271164.0
5804,296723420.0
5805,18032266.0
5806,57607668.0
5807,135108830.0
5808,88242970.0
5809,18776376.0
5810,5131248.5
5811,2311170.5
5812,103090120.0
5813,52967270.0
5814,-9056490.0
5815,16796604.0
5816,-3339307.0
5817,-22965484.0
5818,-4232166.5
5819,5398396.5
5820,-3996441.0
5821,-19236458.0
5822,-7904542.5
5823,54423210.0
5824,34299388.0
5825,13717130.0
5826,23904940.0
5827,28984404.0
5828,468876030.0
5829,45042260.0
5830,257052240.0
5831,56834610.0
5832,12746572.0
5833,-1448099.5
5834,52113644.0
5835,-7904542.5
5836,128964410.0
5837,40587220.0
5838,-3522411.8
5839,125550370.0
5840,-10876002.0
5841,78413460.0
5842,41070804.0
5843,-3902291.0
5844,5349429.5
5845,-1993487.9
5846,-6955573.5
5847,15468322.0
5848,9376514.0
5849,-4108233.8
5850,44664980.0
5851,29013842.0
5852,11803098.0
5853,14915794.0
5854,25669296.0
5855,131679400.0
5856,26309986.0
5857,459722700.0
5858,9484402.0
5859,6606068.5
5860,78085660.0
5861,-3705833.5
5862,10975556.0
5863,-149324940.0
5864,455562500.0
5865,40400196.0
5866,29381416.0
5867,39283656.0
5868,12073750.0
5869,-18275674.0
5870,-8150838.5
5871,153276270.0
5872,134080730.0
5873,31412354.0
5874,-14763396.0
5875,15665192.0
5876,30061298.0
5877,-14716172.0
5878,46212356.0
5879,5621121.0
5880,246867800.0
5881,2508988.8
5882,34813460.0
5883,-3503183.8
5884,50109890.0
5885,15673422.0
5886,-12458822.0
5887,-15777988.0
5888,30364486.0
5889,1379929.9
5890,46478944.0
5891,-55979996.0
5892,40324420.0
5893,-42748696.0
5894,95723256.0
5895,14636768.0
5896,106434456.0
5897,-2102625.5
5898,29105082.0
5899,-28406344.0
5900,5832897.5
5901,-10168748.0
5902,-38503650.0
5903,30040388.0
5904,27821476.0
5905,-1003533.9
5906,74632424.0
5907,-2050342.5
5908,39605652.0
5909,72054890.0
5910,350428930.0
5911,3073267.8
5912,349760420.0
5913,23736200.0
5914,-4341506.0
5915,-4842964.0
5916,49546804.0
5917,276177540.0
5918,21977808.0
5919,118806640.0
5920,-8741168.0
5921,75300930.0
5922,24670956.0
5923,40030836.0
5924,6250609.0
5925,338899780.0
5926,535606.94
5927,-825783.25
5928,42463908.0
5929,1672915.9
5930,-15974072.0
5931,29349864.0
5932,-3796447.5
5933,-2382664.5
5934,17573292.0
5935,146459360.0
5936,134657730.0
5937,-3484712.8
5938,-9135056.0
5939,51705348.0
5940,52608388.0
5941,4796353.0
5942,35901570.0
5943,-1368854.1
5944,28769248.0
5945,-4512739.0
5946,4303066.5
5947,19864032.0
5948,124384980.0
5949,-10029402.0
5950,103459120.0
5951,11029432.0
5952,-20321250.0
5953,153745540.0
5954,73329950.0
5955,33517810.0
5956,56628268.0
5957,38236144.0
5958,59963276.0
5959,3214761.5
5960,7370969.0
5961,-7751845.5
5962,-26284578.0
5963,95633370.0
5964,11399172.0
5965,82390630.0
5966,109832060.0
5967,451747600.0
5968,-70153500.0
5969,61148516.0
5970,78157.86
5971,-21715454.0
5972,79767640.0
5973,107950810.0
5974,-3664988.0
5975,-1187007.0
5976,-35297252.0
5977,3414236.0
5978,499858850.0
5979,653003.0
5980,167654190.0
5981,-4181740.2
5982,51775220.0
5983,24102178.0
5984,48397600.0
5985,-2510090.8
5986,-6198895.5
5987,39117230.0
5988,68934936.0
5989,1392084.9
5990,104496904.0
5991,-1753262.8
5992,1325145.8
5993,111169830.0
5994,-7730308.5
5995,43705364.0
5996,34941044.0
5997,26117198.0
5998,234960220.0
5999,9354504.0
6000,-5421481.0
6001,-10111684.0
6002,712614.44
6003,513499780.0
6004,32327486.0
6005,-516745.1
6006,25149158.0
6007,18509030.0
6008,-20730570.0
6009,80334810.0
6010,2683012.5
6011,74293464.0
6012,26648100.0
6013,95446584.0
6014,-7224587.0
6015,-41276030.0
6016,18414382.0
6017,2912417.5
6018,191974560.0
6019,-7821087.5
6020,-9085624.0
6021,10918256.0
6022,47877260.0
6023,55658324.0
6024,28006232.0
6025,140058960.0
6026,-55520296.0
6027,5423593.5
6028,143430850.0
6029,3667255.0
6030,250035520.0
6031,89686730.0
6032,-3432172.8
6033,21255934.0
6034,940578.0
6035,-100242980.0
6036,26637934.0
6037,6560345.5
6038,-2479831.8
6039,4721867.0
6040,-7369508.5
6041,173300270.0
6042,-17023768.0
6043,117922210.0
6044,-19722268.0
6045,35804428.0
6046,11260726.0
6047,-12557812.0
6048,-6007366.0
6049,5618176.5
6050,-797403.7
6051,-54331.58
6052,6400465.5
6053,2001079.6
6054,-8037452.0
6055,5185314.5
6056,39276390.0
6057,1159564.1
6058,-8130247.0
6059,90180056.0
6060,65751736.0
6061,95964056.0
6062,-9811970.0
6063,65412936.0
6064,5586888.5
6065,252431150.0
6066,21978224.0
6067,98387780.0
6068,-9480724.0
6069,158507180.0
6070,111852490.0
6071,8061790.0
6072,151483150.0
6073,-17443828.0
6074,-3621946.8
6075,79216010.0
6076,50948852.0
6077,15376840.0
6078,-27274220.0
6079,955416600.0
6080,-3645027.5
6081,42651580.0
6082,24166116.0
6083,97494500.0
6084,6294238.5
6085,36529856.0
6086,-3465869.0
6087,18317386.0
6088,11253088.0
6089,-15051746.0
6090,245932530.0
6091,176494.22
6092,26839062.0
6093,36596930.0
6094,33779650.0
6095,-6399985.0
6096,-1712365.8
6097,30834260.0
6098,11036102.0
6099,99200990.0
6100,19825790.0
6101,163545300.0
6102,2164175.2
6103,53737080.0
6104,6300484.0
6105,528050.1
6106,571702.0
6107,-7289143.5
6108,111953656.0
6109,27552678.0
6110,48435784.0
6111,3178243.8
6112,-12283514.0
6113,18341050.0
6114,37325220.0
6115,132183960.0
6116,792781.94
6117,-24433100.0
6118,74060000.0
6119,10596294.0
6120,40500836.0
6121,7988960.5
6122,14745562.0
6123,-8232601.5
6124,8632074.0
6125,4851343.0
6126,-4446387.0
6127,25918606.0
6128,98591490.0
6129,7526404.5
6130,-4855454.5
6131,51247772.0
6132,-6458666.0
6133,22856562.0
6134,26524868.0
6135,69321560.0
6136,286122600.0
6137,302599360.0
6138,5018385.0
6139,941007170.0
6140,-29239050.0
6141,20677524.0
6142,1708941.9
6143,-30550206.0
6144,22183900.0
6145,-25824854.0
6146,38883090.0
6147,64090280.0
6148,12490850.0
6149,28536148.0
6150,319557000.0
6151,15671066.0
6152,749828700.0
6153,4464978.5
6154,4513090.0
6155,21904300.0
6156,13919802.0
6157,14996038.0
6158,51761464.0
6159,46205560.0
6160,70410090.0
6161,31936188.0
6162,-1204903.8
6163,5727528.5
6164,-27042626.0
6165,82653200.0
6166,29077236.0
6167,-10286724.0
6168,1989601.5
6169,104702050.0
6170,-1691806.9
6171,69501190.0
6172,17249604.0
6173,-2828998.8
6174,30601840.0
6175,-11630862.0
6176,46085436.0
6177,66304576.0
6178,-9723646.0
6179,257101540.0
6180,258788130.0
6181,-1808876.6
6182,335770800.0
6183,25494322.0
6184,852732600.0
6185,9320466.0
6186,-17250800.0
6187,-13281794.0
6188,13963820.0
6189,5317057.0
6190,131863310.0
6191,-2323650.2
6192,121250540.0
6193,15533458.0
6194,5379696.5
6195,-1845091.4
6196,56983680.0
6197,40875604.0
6198,74018440.0
6199,732948030.0
6200,-3630414.5
6201,-11678672.0
6202,29505372.0
6203,665371800.0
6204,4161588.0
6205,-11464590.0
6206,3474334.2
6207,33270136.0
6208,113820040.0
6209,-2670473.0
6210,-6332097.0
6211,59430948.0
6212,39894050.0
6213,55692850.0
6214,-40946816.0
6215,11620020.0
6216,48746490.0
6217,-16957062.0
6218,20216964.0
6219,32552220.0
6220,-6115938.5
6221,1451578.9
6222,748581.3
6223,59885380.0
6224,26736414.0
6225,27083154.0
6226,11072568.0
6227,1664958.4
6228,40363092.0
6229,-5172970.0
6230,-8956760.0
6231,578199.56
6232,1700402.2
6233,83940030.0
6234,40051036.0
6235,30602266.0
6236,5398738.5
6237,-16132314.0
6238,13468252.0
6239,47622750.0
6240,110515620.0
6241,-8396354.0
6242,-7040190.5
6243,2016337.8
6244,-3816262.0
6245,11027016.0
6246,-7267294.0
6247,381929440.0
6248,15861552.0
6249,-5586259.5
6250,14009022.0
6251,39966388.0
6252,-3175529.0
6253,13385130.0
6254,126277880.0
6255,4442807.5
6256,37082284.0
6257,-41622948.0
6258,6673733.5
6259,-855616.0
6260,-2638955.8
6261,53214060.0
6262,22853722.0
6263,51320244.0
6264,1626405.9
6265,12846968.0
6266,-2685240.0
6267,133928640.0
6268,-26391308.0
6269,135218340.0
6270,38118908.0
6271,199604350.0
6272,-2396623.5
6273,-10181088.0
6274,130197990.0
6275,28374748.0
6276,38749970.0
6277,4906746.0
6278,-10336038.0
6279,36171892.0
6280,1158774.4
6281,-10712482.0
6282,212167300.0
6283,31608610.0
6284,20921584.0
6285,19682832.0
6286,-3960405.5
6287,17698876.0
6288,59874290.0
6289,181193620.0
6290,-9046068.0
6291,-19755916.0
6292,105426890.0
6293,805635900.0
6294,-6101372.0
6295,464197630.0
6296,1473607.1
6297,33075292.0
6298,-4676913.5
6299,-5359963.5
6300,4747619.5
6301,7220114.0
6302,-3891710.2
6303,40495150.0
6304,-11863438.0
6305,105243384.0
6306,51498160.0
6307,-1700712.2
6308,1659459.9
6309,-8038615.0
6310,57280788.0
6311,4687671.5
6312,-3132583.5
6313,24204806.0
6314,61320916.0
6315,19115792.0
6316,33068266.0
6317,162818370.0
6318,12731570.0
6319,32331450.0
6320,-3707311.2
6321,222598380.0
6322,22067868.0
6323,51614660.0
6324,-7725856.0
6325,52612172.0
6326,164599.11
6327,28211912.0
6328,3225336.2
6329,12951118.0
6330,-25338202.0
6331,22946278.0
6332,-12364690.0
6333,27002692.0
6334,-20915808.0
6335,63958336.0
6336,128797790.0
6337,57001864.0
6338,-2144443.8
6339,109284744.0
6340,1346407.4
6341,1595465.2
6342,31288768.0
6343,-3598448.5
6344,53226610.0
6345,-6840632.0
6346,40463070.0
6347,707636.56
6348,-14479294.0
6349,20394314.0
6350,-2999078.2
6351,167057710.0
6352,42803724.0
6353,11152932.0
6354,-3635300.0
6355,-6987290.5
6356,17820034.0
6357,-13182784.0
6358,-19191152.0
6359,-720655.5
6360,772888.75
6361,388990800.0
6362,-13322284.0
6363,-19405102.0
6364,4720244.0
6365,194710620.0
6366,-3640978.0
6367,-7170592.5
6368,15548496.0
6369,-3900983.2
6370,126640750.0
6371,6237305.0
6372,21766392.0
6373,4586443.0
6374,-5984009.5
6375,102386216.0
6376,28421236.0
6377,13053366.0
6378,-3571200.8
6379,348115400.0
6380,26320660.0
6381,269222940.0
6382,50365024.0
6383,46251810.0
6384,22837308.0
6385,31483362.0
6386,332553540.0
6387,10659018.0
6388,22468122.0
6389,17343242.0
6390,-8553578.0
6391,-4269097.0
6392,-16276554.0
6393,134022430.0
6394,382297200.0
6395,-4576979.5
6396,1564843.4
6397,-1425163.1
6398,-73016440.0
6399,-4404541.5
6400,50133216.0
6401,-7311679.5
6402,-12003600.0
6403,-1785975.9
6404,92380400.0
6405,-6611813.5
6406,-12414644.0
6407,9196654.0
6408,155304500.0
6409,31881226.0
6410,29983222.0
6411,6137704.5
6412,-18920802.0
6413,-27172388.0
6414,652199940.0
6415,-13195954.0
6416,-2721001.2
6417,110974630.0
6418,37241772.0
6419,10395874.0
6420,39095772.0
6421,42167668.0
6422,-5205622.5
6423,18500684.0
6424,203635380.0
6425,18255388.0
6426,12838638.0
6427,14932622.0
6428,-3326239.5
6429,27442938.0
6430,147197420.0
6431,155774990.0
6432,183258320.0
6433,36918064.0
6434,9424976.0
6435,128201240.0
6436,214331780.0
6437,37009652.0
6438,11194444.0
6439,-15661480.0
6440,75771390.0
6441,3974514.2
6442,19037440.0
6443,40406190.0
6444,-7652062.5
6445,616418500.0
6446,335197280.0
6447,-10301222.0
6448,-7219847.0
6449,41214132.0
6450,-5358652.5
6451,-3233251.5
6452,9525804.0
6453,39904116.0
6454,14684366.0
6455,9061894.0
6456,-13680386.0
6457,64990452.0
6458,-17947160.0
6459,19392306.0
6460,12020344.0
6461,75195110.0
6462,34737100.0
6463,-6659693.0
6464,17660348.0
6465,402064.34
6466,26406088.0
6467,4189262.5
6468,934434.8
6469,-4093399.5
6470,1617219.8
6471,-1094640.4
6472,1057965.8
6473,20417798.0
6474,5970194.5
6475,-16687110.0
6476,453385150.0
6477,82575070.0
6478,30719188.0
6479,326910600.0
6480,50361760.0
6481,-18022716.0
6482,9242596.0
6483,-15452424.0
6484,48243556.0
6485,53547690.0
6486,1923423.6
6487,-52745196.0
6488,27938810.0
6489,-1557157.1
6490,33479008.0
6491,-18059974.0
6492,23969712.0
6493,23381524.0
6494,40244884.0
6495,-39295284.0
6496,300332830.0
6497,207936260.0
6498,9160690.0
6499,893035.94
6500,-75305.195
6501,-10060344.0
6502,143678190.0
6503,2763887.0
6504,-35608136.0
6505,19789776.0
6506,-5136494.0
6507,-5563095.0
6508,66632616.0
6509,-4111604.2
6510,-8323435.5
6511,18950810.0
6512,-1979757.1
6513,30584176.0
6514,9988260.0
6515,-8931308.0
6516,37234170.0
6517,61095380.0
6518,11751966.0
6519,194578800.0
6520,-2054405.4
6521,316667100.0
6522,77462960.0
6523,93082560.0
6524,3416059.8
6525,142078850.0
6526,285811870.0
6527,5641325.0
6528,3324758.2
6529,10851420.0
6530,63508240.0
6531,77832.66
6532,8439640.0
6533,14418490.0
6534,189337260.0
6535,2073889.1
6536,-7069603.0
6537,-5117983.5
6538,13272296.0
6539,99499050.0
6540,77124410.0
6541,27869682.0
6542,4784759.5
6543,-6101087.0
6544,-32868602.0
6545,5096948.0
6546,405934880.0
6547,14948336.0
6548,17246628.0
6549,20248100.0
6550,6612653.0
6551,-40942348.0
6552,12494448.0
6553,-3782330.5
6554,29626478.0
6555,-42876640.0
6556,6398432.5
6557,12541478.0
6558,60177884.0
6559,72103100.0
6560,21728966.0
6561,-2582682.2
6562,36673440.0
6563,-1527580.9
6564,-1042181.9
6565,45613628.0
6566,16087754.0
6567,-130308.13
6568,76079810.0
6569,-13805090.0
6570,2195645.5
6571,6895313.5
6572,-10454134.0
6573,-14519486.0
6574,33071640.0
6575,-11314368.0
6576,-22613116.0
6577,3412648.2
6578,11873296.0
6579,12805372.0
6580,79405350.0
6581,53589520.0
6582,1354032.9
6583,37767284.0
6584,-8353281.0
6585,64345692.0
6586,10135104.0
6587,-9255278.0
6588,8591974.0
6589,57425430.0
6590,109499190.0
6591,33005920.0
6592,155939300.0
6593,35981984.0
6594,-24621122.0
6595,1093176.6
6596,49198616.0
6597,20404150.0
6598,17004934.0
6599,-6038217.0
6600,-45915136.0
6601,255550380.0
6602,624004300.0
6603,58934476.0
6604,33319462.0
6605,34754080.0
6606,1632945.1
6607,-4863155.5
6608,-7848665.5
6609,8951614.0
6610,19901486.0
6611,13600826.0
6612,622922940.0
6613,71202650.0
6614,362908540.0
6615,-10319818.0
6616,47176550.0
6617,72767540.0
6618,4340339.5
6619,26956018.0
6620,-11801978.0
6621,12220812.0
6622,74692430.0
6623,309566660.0
6624,73273750.0
6625,73849800.0
6626,-7653180.0
6627,101638380.0
6628,-4528086.0
6629,11195640.0
6630,3859675.5
6631,13839904.0
6632,9709422.0
6633,-5781098.0
6634,24999682.0
6635,16366572.0
6636,96686750.0
6637,-35391444.0
6638,6097127.0
6639,19834108.0
6640,73275280.0
6641,251319900.0
6642,114038610.0
6643,-5007202.5
6644,22666190.0
6645,26015836.0
6646,-9191412.0
6647,-16469208.0
6648,66215056.0
6649,3589808.8
6650,18932104.0
6651,33075292.0
6652,7717452.5
6653,6332315.0
6654,63272324.0
6655,2870345.5
6656,3927778.8
6657,63925056.0
6658,3265234.2
6659,-3340394.0
6660,-3974531.5
6661,-5173386.5
6662,9542328.0
6663,241720400.0
6664,21866220.0
6665,9006784.0
6666,18889326.0
6667,92556584.0
6668,34126310.0
6669,-4713731.0
6670,-1108761.5
6671,6225039.5
6672,38487176.0
6673,36236644.0
6674,129012616.0
6675,81491700.0
6676,-13615610.0
6677,-4388007.5
6678,-9664936.0
6679,352217660.0
6680,71255060.0
6681,597833800.0
6682,68305690.0
6683,-27129094.0
6684,3092143.0
6685,-2507372.5
6686,-51630100.0
6687,77837304.0
6688,-10232348.0
6689,59204816.0
6690,264198690.0
6691,36549420.0
6692,348407040.0
6693,19106224.0
6694,-30134606.0
6695,7808331.5
6696,20944664.0
6697,-6464958.0
6698,10735880.0
6699,353185950.0
6700,345027300.0
6701,96568070.0
6702,44177210.0
6703,15854400.0
6704,-2020083.1
6705,30626550.0
6706,45746028.0
6707,-1085232.8
6708,-20081850.0
6709,-1759091.9
6710,47560516.0
6711,-7606388.0
6712,22544972.0
6713,-897752.6
6714,-2718328.8
6715,4146109.5
6716,-17271246.0
6717,243573980.0
6718,88784450.0
6719,11642860.0
6720,20074512.0
6721,104218424.0
6722,-6152260.0
6723,-5605734.5
6724,-27009468.0
6725,-11963958.0
6726,57553024.0
6727,-25749546.0
6728,-4746712.0
6729,54026204.0
6730,55126120.0
6731,-5709851.5
6732,-10305316.0
6733,25360222.0
6734,-4980290.0
6735,56801444.0
6736,41195924.0
6737,6220094.0
6738,15077794.0
6739,5771990.5
6740,-8951378.0
6741,61960650.0
6742,31330342.0
6743,24585658.0
6744,54040188.0
6745,1745935.9
6746,28081582.0
6747,-3787373.2
6748,-8817050.0
6749,2537542.5
6750,-771062.56
6751,8124871.5
6752,97540680.0
6753,59527212.0
6754,-6565248.0
6755,26555898.0
6756,49232240.0
6757,94147704.0
6758,-1494711.6
6759,22643272.0
6760,26242014.0
6761,2969441.0
6762,-4431214.5
6763,101780270.0
6764,6595096.5
6765,368682500.0
6766,-14299504.0
6767,-3299106.8
6768,548941060.0
6769,-897398.6
6770,29819530.0
6771,-21509316.0
6772,-22943308.0
6773,23554756.0
6774,79630340.0
6775,419125980.0
6776,-8703082.0
6777,82947060.0
6778,33131172.0
6779,-20670134.0
6780,116034290.0
6781,-23693896.0
6782,66379900.0
6783,4632294.0
6784,13991806.0
6785,52431290.0
6786,16594702.0
6787,3619635.5
6788,-5253203.5
6789,1276315.6
6790,10885554.0
6791,44613680.0
6792,281233150.0
6793,26060808.0
6794,43541644.0
6795,969874.6
6796,353203140.0
6797,-16374524.0
6798,27540820.0
6799,-4391260.0
6800,62790140.0
6801,92481520.0
6802,18424146.0
6803,168500600.0
6804,-9926924.0
6805,54273148.0
6806,3101615.8
6807,43460460.0
6808,-5173386.5
6809,167169800.0
6810,-4974345.5
6811,110135840.0
6812,-2033607.2
6813,23813858.0
6814,-19902316.0
6815,143127630.0
6816,-10444838.0
6817,-7310258.0
6818,-14909386.0
6819,242782770.0
6820,-96210430.0
6821,2424867.5
6822,-19542164.0
6823,9313412.0
6824,107875010.0
6825,30109510.0
6826,317940.1
6827,-6338199.5
6828,-5430249.0
6829,-5798334.0
6830,-31029908.0
6831,79913450.0
6832,118833380.0
6833,90416160.0
6834,20805150.0
6835,70567110.0
6836,2108754.5
6837,344016830.0
6838,1380784.6
6839,2587545.8
6840,10936396.0
6841,-10605454.0
6842,90774330.0
6843,-12873168.0
6844,45910892.0
6845,101717040.0
6846,106058360.0
6847,24881688.0
6848,15549184.0
6849,934726.25
6850,44570210.0
6851,445815170.0
6852,1792593.8
6853,-15214992.0
6854,6979805.0
6855,14812608.0
6856,20791998.0
6857,4162114.8
6858,-11732776.0
6859,64529916.0
6860,16408746.0
6861,-6906822.5
6862,46525160.0
6863,267807070.0
6864,14670838.0
6865,14567644.0
6866,98922320.0
6867,9785542.0
6868,978401100.0
6869,37989228.0
6870,-4395837.5
6871,20449876.0
6872,-10422216.0
6873,18181046.0
6874,-21227852.0
6875,8869576.0
6876,100243544.0
6877,100751480.0
6878,-4157319.2
6879,-7233328.5
6880,-7115008.0
6881,-418939.78
6882,10742606.0
6883,7941514.0
6884,153363520.0
6885,48807612.0
6886,-15021302.0
6887,4507832.5
6888,-32930306.0
6889,-4583044.5
6890,47669620.0
6891,13994314.0
6892,566619600.0
6893,206757200.0
6894,32993946.0
6895,3484386.5
6896,4183984.0
6897,-6515694.5
6898,-2737087.5
6899,-3522425.5
6900,4756412.5
6901,10323536.0
6902,-7708771.0
6903,-6594747.5
6904,139628620.0
6905,-10584072.0
6906,113929920.0
6907,18189306.0
6908,8750592.0
6909,7447377.0
6910,25512798.0
6911,-1850292.9
6912,6301463.5
6913,45217124.0
6914,262892530.0
6915,21366794.0
6916,7751242.0
6917,1175715600.0
6918,123084456.0
6919,9605952.0
6920,136357900.0
6921,106946590.0
6922,29444032.0
6923,6521458.5
6924,-8244936.0
6925,54370964.0
6926,20119192.0
6927,1357208.1
6928,45916628.0
6929,67722776.0
6930,106350590.0
6931,24730612.0
6932,-2535504.0
6933,23073488.0
6934,68004110.0
6935,-9788114.0
6936,5814013.5
6937,179419650.0
6938,-10156982.0
6939,-21228172.0
6940,343046180.0
6941,76682820.0
6942,22203344.0
6943,-2142735.0
6944,61170080.0
6945,-3439040.8
6946,64957140.0
6947,3986547.2
6948,-9889870.0
6949,-48372268.0
6950,234226740.0
6951,-13155492.0
6952,36889790.0
6953,-27273110.0
6954,48463160.0
6955,35645880.0
6956,44651044.0
6957,21032604.0
6958,-5447963.0
6959,-555263.3
6960,56762588.0
6961,-12478778.0
6962,106759780.0
6963,18846146.0
6964,55646000.0
6965,20575972.0
6966,11766726.0
6967,77148150.0
6968,-10533094.0
6969,1517118.1
6970,-10051930.0
6971,81327880.0
6972,1573321.4
6973,22668058.0
6974,-666470.94
6975,-28012240.0
6976,16640214.0
6977,-1615559.0
6978,3143190.5
6979,-16376980.0
6980,18485248.0
6981,1433363.6
6982,-10702458.0
6983,-3579852.0
6984,185077950.0
6985,359343900.0
6986,43071560.0
6987,-25705614.0
6988,-1282376.9
6989,10537838.0
6990,555754600.0
6991,8956492.0
6992,5063828.0
6993,62989256.0
6994,17404434.0
6995,12128606.0
6996,156127890.0
6997,-6786386.5
6998,12248082.0
6999,97045360.0
7000,-981479.0
7001,-7825666.5
7002,-12623190.0
7003,44829010.0
7004,114750030.0
7005,-4003113.5
7006,2615580.2
7007,-45096372.0
7008,115408430.0
7009,26568558.0
7010,-9666244.0
7011,-11618934.0
7012,542309.3
7013,-24786080.0
7014,31898648.0
7015,133297940.0
7016,116249940.0
7017,116346130.0
7018,22839444.0
7019,17026892.0
7020,-38253980.0
7021,51261370.0
7022,18044670.0
7023,36727950.0
7024,1510371.9
7025,-18549266.0
7026,342855200.0
7027,10529094.0
7028,-1134191.9
7029,21376042.0
7030,28439776.0
7031,117337030.0
7032,33061114.0
7033,-7594658.5
7034,-3568246.0
7035,-6252208.0
7036,7869709.5
7037,22004202.0
7038,119212.59
7039,34979430.0
7040,-20252568.0
7041,18554274.0
7042,36360740.0
7043,19200152.0
7044,63627410.0
7045,54544410.0
7046,82431400.0
7047,273094700.0
7048,4136079.0
7049,34479616.0
7050,-3208999.8
7051,-6257632.0
7052,45047220.0
7053,15921742.0
7054,23904794.0
7055,186392530.0
7056,215790580.0
7057,-21108794.0
7058,-4003113.5
7059,29776316.0
7060,17328932.0
7061,-20951424.0
7062,96037690.0
7063,-6357868.5
7064,189313200.0
7065,27086402.0
7066,-8840460.0
7067,10483204.0
7068,50335188.0
7069,45073844.0
7070,46066460.0
7071,127982216.0
7072,2765221.0
7073,-7016999.5
7074,37727.28
7075,-10660538.0
7076,28062470.0
7077,-28002362.0
7078,-1448878.6
7079,-9079572.0
7080,21459588.0
7081,29999188.0
7082,20205700.0
7083,12930710.0
7084,89829310.0
7085,4428255.5
7086,-8244936.0
7087,127070440.0
7088,27190116.0
7089,-8468126.0
7090,8381558.5
7091,14806748.0
7092,166367100.0
7093,37718650.0
7094,-25522286.0
7095,8551582.0
7096,-25482202.0
7097,63205084.0
7098,58850496.0
7099,-1234212.9
7100,11007874.0
7101,39604212.0
7102,432012.28
7103,-2491864.8
7104,10557254.0
7105,39672800.0
7106,-9255408.0
7107,115649656.0
7108,-992128.7
7109,12212478.0
7110,35830744.0
7111,3902786.5
7112,312933700.0
7113,-6612324.5
7114,-4270565.0
7115,-874080.5
7116,4550789.0
7117,-8753002.0
7118,33418652.0
7119,-608438.7
7120,-5113535.5
7121,-28915080.0
7122,-11320632.0
7123,-2640843.2
7124,432452260.0
7125,10598334.0
7126,275331650.0
7127,-16021200.0
7128,-58276150.0
7129,28013972.0
7130,63928296.0
7131,24358288.0
7132,-4053858.5
7133,-27830712.0
7134,61308180.0
7135,125289920.0
7136,56859860.0
7137,23279948.0
7138,18278012.0
7139,-9876740.0
7140,-11393338.0
7141,-4003113.5
7142,3521546.8
7143,40624304.0
7144,-17001522.0
7145,24335698.0
7146,-40706240.0
7147,121217656.0
7148,69158090.0
7149,-10098406.0
7150,12218778.0
7151,9159256.0
7152,86709630.0
7153,616347.56
7154,25676088.0
7155,140386180.0
7156,4894954.0
7157,72109850.0
7158,14548670.0
7159,-5845362.5
7160,7081888.5
7161,11684982.0
7162,374003140.0
7163,45826120.0
7164,-3994364.2
7165,223500420.0
7166,30552234.0
7167,-25812316.0
7168,-7099573.0
7169,-13529890.0
7170,11207262.0
7171,114146270.0
7172,7508265.0
7173,8201732.0
7174,22187236.0
7175,-5723799.0
7176,42008016.0
7177,23111878.0
7178,-52383356.0
7179,22089452.0
7180,11763002.0
7181,16829800.0
7182,14096780.0
7183,-16719104.0
7184,499760420.0
7185,63457692.0
7186,44792304.0
7187,203929620.0
7188,67380856.0
7189,-1083324.6
7190,42368708.0
7191,-5195831.0
7192,22216592.0
7193,-16515764.0
7194,170850690.0
7195,33763056.0
7196,6415730.5
7197,-9344400.0
7198,-32332710.0
7199,-2665568.2
7200,113338040.0
7201,5060774.5
7202,26496260.0
7203,-8921940.0
7204,45693830.0
7205,352162140.0
7206,76219544.0
7207,353141400.0
7208,38914016.0
7209,-872893.1
7210,-8255125.0
7211,-2364408.0
7212,151500370.0
7213,6556328.5
7214,497846180.0
7215,112672210.0
7216,244656820.0
7217,-9235110.0
7218,27399478.0
7219,47367160.0
7220,14811536.0
7221,26931726.0
7222,411908580.0
7223,22508934.0
7224,-20574222.0
7225,-10170216.0
7226,146802530.0
7227,64751960.0
7228,-22989714.0
7229,17464176.0
7230,1061932.9
7231,52144596.0
7232,269576450.0
7233,440277800.0
7234,211973120.0
7235,61547156.0
7236,50316164.0
7237,21039156.0
7238,-3401968.5
7239,193343620.0
7240,147225250.0
7241,27200966.0
7242,46153532.0
7243,33751496.0
7244,55449844.0
7245,-2008791.5
7246,2251945.8
7247,80768344.0
7248,101088104.0
7249,3169623.0
7250,-5310737.5
7251,33978788.0
7252,10764598.0
7253,78226350.0
7254,33602852.0
7255,-4918999.5
7256,8146870.0
7257,-3729253.5
7258,8579286.0
7259,-10971680.0
7260,-2648498.5
7261,521879360.0
7262,-7160885.0
7263,28620578.0
7264,1120730.1
7265,-15016588.0
7266,34781080.0
7267,-1720449.5
7268,7143478.0
7269,-69738744.0
7270,169842960.0
7271,3601227.2
7272,-18510336.0
7273,23062022.0
7274,32755988.0
7275,18471898.0
7276,11183352.0
7277,175419790.0
7278,535828260.0
7279,471060400.0
7280,67999040.0
7281,32840884.0
7282,59515276.0
7283,74210950.0
7284,19892106.0
7285,17275252.0
7286,228916940.0
7287,13938796.0
7288,-6951622.5
7289,11707162.0
7290,45497524.0
7291,-20410712.0
7292,77042380.0
7293,10996854.0
7294,31372866.0
7295,16300108.0
7296,-4513219.5
7297,-26315920.0
7298,-5803533.5
7299,4121201.0
7300,-10390280.0
7301,29131558.0
7302,504226.84
7303,5715235.0
7304,45819828.0
7305,-1847744.1
7306,279187500.0
7307,1379929.9
7308,-11635632.0
7309,19184744.0
7310,31519888.0
7311,-17761410.0
7312,72201870.0
7313,344751460.0
7314,-1621481.1
7315,-18502090.0
7316,14913410.0
7317,4260693.0
7318,52312540.0
7319,-18447722.0
7320,245737100.0
7321,-8110097.5
7322,68139500.0
7323,45176940.0
7324,5680990.5
7325,12302986.0
7326,211520750.0
7327,5247325.5
7328,21077304.0
7329,122206300.0
7330,305699550.0
7331,35885940.0
7332,63633730.0
7333,46555056.0
7334,-8054048.5
7335,35995084.0
7336,52424580.0
7337,25410682.0
7338,29200612.0
7339,47061010.0
7340,-6502336.5
7341,1039881.9
7342,80911440.0
7343,-17058182.0
7344,-22673004.0
7345,1681673.8
7346,6803635.5
7347,57472060.0
7348,-22282956.0
7349,14808574.0
7350,46866230.0
7351,61204560.0
7352,-8869918.0
7353,-33546.33
7354,-6120443.5
7355,29409822.0
7356,40800670.0
7357,36780156.0
7358,3767464.0
7359,133529690.0
7360,14528642.0
7361,-9256036.0
7362,147914000.0
7363,543219000.0
7364,-19388878.0
7365,27988538.0
7366,67407080.0
7367,-3885663.0
7368,-43920284.0
7369,5786570.5
7370,41013776.0
7371,-3047271.5
7372,77452950.0
7373,310298240.0
7374,14427470.0
7375,245232060.0
7376,2661262.2
7377,-6239533.0
7378,71507210.0
7379,86110550.0
7380,-16432948.0
7381,-5642122.0
7382,-51234724.0
7383,-6289807.0
7384,33068752.0
7385,54089116.0
7386,36626840.0
7387,-2273668.2
7388,3614174.0
7389,-499865.28
7390,-18854372.0
7391,-20551444.0
7392,49797932.0
7393,321232540.0
7394,111770184.0
7395,54517332.0
7396,26841716.0
7397,257532270.0
7398,-29088578.0
